Fighter,Peak_Elo,Peak_Elo_Year,Current_Elo,Matches
Gordon Ryan,2202.61,2024,2202.61,110
Gabrieli Pessanha,2218.21,2025,2199.63,227
Mica Galvao,2151.86,2025,2151.86,119
Kaynan Duarte,2184.17,2024,2142.97,174
Nicholas Meregali,2153.89,2024,2138.24,102
Tainan Dalpra,2136.38,2025,2136.38,103
Erich Munis,2121.89,2025,2121.89,126
Nick Rodriguez,2082.97,2024,2081.64,61
"Marcus Almeida ""Buchecha""",2107.77,2019,2072.82,153
Adam Wardzinski,2072.81,2025,2072.81,368
Fellipe Andrew,2120.67,2024,2063.81,325
Victor Hugo,2089.78,2023,2062.38,114
"Felipe ""Preguica"" Pena",2112.11,2018,2058.79,187
Marcus Almeida,2069.27,2019,2041.2,58
Diego Oliveira,2039.29,2025,2039.29,180
Jansen Gomes,2033.79,2025,2033.79,94
Kade Ruotolo,2027.56,2024,2027.56,36
Diogo Reis,2086.52,2024,2014.51,108
Deandre Corbe,2030.11,2025,2007.86,146
Adele Fornarino,2019.52,2024,2007.11,45
Dante Leon,2020.35,2025,1993.15,197
Felipe Pena,2017.02,2021,1990.01,79
"Roberto ""Cyborg"" Abreu",2006.51,2023,1988.8,210
Mayssa Bastos,1989.26,2025,1973.65,144
Andrew Tackett,1972.39,2025,1972.39,44
Mason Fowler,1981.87,2024,1971.14,50
Yuri Simoes,1990.43,2022,1970.82,116
Rubens Charles Cobrinha,1967.58,2017,1967.58,139
Meyram Maquine,2000.8,2024,1965.13,134
Henrique Cardoso,1999.91,2024,1963.91,172
Dorian Olivarez,1963.14,2025,1963.14,24
Matheus Gabriel,1962.51,2025,1962.51,90
Rafael Mendes,1959.23,2016,1959.23,31
Michael Musumeci,1956.82,2025,1956.82,70
Giancarlo Bodoni,2012.0,2024,1955.27,95
Leandro Lo,2076.98,2017,1953.69,313
Luke Griffith,1990.4,2024,1952.51,43
Roberto Abreu,1975.75,2023,1948.29,84
Andre Galvao,1963.38,2016,1947.84,187
Andy Murasaki,1947.35,2025,1947.35,105
Cole Abate,1961.08,2025,1944.9,56
"Robert ""Degle"" Diggle",1943.05,2025,1943.05,74
Pedro Marinho,1976.55,2025,1941.1,100
Gustavo Batista,1985.96,2024,1940.73,152
Larissa Dias,1937.09,2025,1937.09,77
Marcelo Garcia,1936.67,2011,1936.67,102
Craig Jones,1935.13,2024,1935.13,86
Roosevelt Sousa,1947.86,2025,1932.94,164
Alex Enriquez,1961.53,2025,1932.63,72
Roberto Jimenez,1963.89,2025,1932.11,167
Vagner Rocha,1938.01,2024,1928.94,141
Ryan Aitken,1928.47,2025,1928.47,67
Jasmine Rocha,1953.79,2024,1926.16,64
Ffion Davies,1921.59,2025,1921.59,94
Ronaldo Junior,1930.18,2025,1920.59,133
Fabricio Andrey,1949.44,2022,1920.43,128
Rafael Lovato Jr,1913.84,2025,1913.84,202
Rodolfo Vieira,1934.74,2015,1911.01,45
Lucas Protasio,1928.18,2025,1910.0,197
Gutemberg Pereira,1955.73,2024,1908.21,133
Tommy Langaker,1953.41,2024,1904.88,179
William Tackett,1909.38,2024,1904.4,78
Yara Soares,1933.94,2025,1904.35,134
Yatan Bueno,1904.32,2024,1904.32,40
Cassio Felipe Costa,1901.52,2025,1901.52,86
Santeri Lilius,1928.49,2024,1900.8,126
Horlando Monteiro,1951.93,2023,1898.05,181
Isaque Bahiense,1996.68,2022,1896.45,210
Mateusz Szczecinski,1911.38,2022,1896.17,70
Gabriel Almeida,1935.55,2024,1893.19,163
Johnatha Alves,1937.7,2023,1892.05,100
Joao Gabriel Rocha,1913.12,2023,1888.76,143
Bernardo Faria,1939.86,2016,1887.53,121
Janaina Lebre,1885.69,2025,1885.69,63
Charles Negromonte,1889.24,2024,1884.69,164
Lucas Barbosa,1966.73,2022,1884.65,251
Keenan Cornelius,1920.42,2018,1883.07,91
Lucas Pinheiro,1883.07,2023,1883.07,166
Tayane Porfirio,1892.47,2025,1881.62,50
Inacio Dos Santos,1903.25,2024,1880.94,69
Jonnatas Gracie,1895.68,2025,1880.45,84
Izaak Michell,1878.79,2025,1878.79,29
Jacob Couch,1890.73,2024,1877.62,63
Matheus Lutes,1876.56,2024,1876.56,19
Uanderson Ferreira,1889.62,2024,1876.27,123
Javier Zaruski,1899.21,2024,1874.98,44
Eoghan O'Flanagan,1896.32,2024,1873.94,70
Helder Junior,1872.9,2025,1872.9,69
Erberth Santos,1943.94,2017,1871.87,106
Tim Spriggs,1870.71,2021,1870.71,98
Samuel Nagai,1895.04,2024,1869.03,75
Lucas Valente,1867.02,2024,1867.02,78
Owen Jones,1866.55,2025,1866.55,15
Alexandre De Jesus,1880.83,2025,1865.53,139
Livio Ribeiro,1864.78,2022,1864.78,51
Paulo Miyao,2011.42,2018,1864.54,249
Joao Rocha,1867.31,2024,1863.99,64
Rubens Charles,1861.61,2017,1861.61,22
Anna Rodrigues,1906.9,2024,1861.49,111
Kennedy Maciel,1913.6,2024,1861.05,144
"Joao Mendes ""Bisnaga""",1858.46,2025,1858.46,123
"Gabrielle ""Gabi"" Garcia",1974.51,2015,1858.44,82
Thalison Soares,1888.71,2024,1857.2,73
Alexander Trans,1857.01,2023,1857.01,99
Enderson Dias,1859.77,2025,1853.29,79
Victor Honorio,1902.04,2018,1852.54,117
Matheus Diniz,1864.27,2020,1852.23,123
Mikey Musumeci,1848.89,2025,1848.89,27
Bianca Basilio,1890.34,2024,1848.82,149
Nolan Stuart,1856.62,2025,1848.52,35
Helena Crevar,1862.79,2025,1848.32,30
Luis Oliveira Cantareira,1863.75,2025,1846.33,98
Fabio Caloi,1844.89,2024,1844.89,140
Carlos Henrique,1844.17,2025,1844.17,95
Elijah Dorsey,1897.32,2024,1842.13,83
Keith Krikorian,1919.46,2022,1841.06,85
Braulio Estima,1912.29,2009,1840.69,80
Bruno Malfacine,1892.56,2019,1839.78,80
Kenta Iwamoto,1839.67,2025,1839.67,30
Ethan Crelinsten,1860.34,2025,1838.93,72
Pedro Alex,1869.97,2023,1838.47,151
Andressa Cintra,1836.34,2024,1836.34,13
Julia Alves,1912.51,2024,1834.18,109
Michael Liera Junior,1837.7,2020,1832.93,160
Thalyta Silva,1832.11,2025,1832.11,87
Matheus Vetoraci,1872.08,2025,1830.96,35
Levi Jones-Leary,1845.83,2024,1828.15,78
Max Gimenis,1851.89,2021,1825.94,153
Khaled Alshehi,1825.48,2025,1825.48,52
Jackson Nagai,1846.06,2025,1822.4,51
Oliver Taza,1959.48,2023,1820.38,237
Ashley Williams,1843.44,2023,1818.44,89
Jozef Chen,1845.0,2024,1817.2,33
Marcus Ribeiro,1874.2,2024,1816.97,113
Kaua Gabriel Barbosa,1846.97,2024,1816.39,49
John Combs,1851.9,2024,1815.74,195
Rider Zuchi,1914.36,2023,1815.38,137
Alexandre Jesus,1826.74,2025,1815.13,58
Igor Tanabe,1829.76,2025,1814.76,30
Isaac Doederlein,1879.16,2023,1814.75,168
Paul Ardila-Ibarra,1868.96,2023,1813.42,58
Elisabeth Clay,1837.65,2025,1812.99,118
Ingridd Alves,1854.26,2024,1812.93,146
Rolando Samson,1819.13,2025,1812.08,68
Andy Varela,1842.14,2024,1812.08,73
Alex Sodre,1825.81,2025,1810.03,150
Andre Porfirio,1887.71,2024,1809.62,169
Michael Langhi,1839.57,2018,1808.56,105
Mahamed Aly,1868.71,2019,1808.13,136
Morgan Black,1874.43,2024,1808.1,34
"Edwin ""Junny"" Ocasio",1842.11,2025,1808.03,91
Luccas Lira,1843.92,2024,1807.28,52
Thamara Ferreira,1805.46,2025,1805.46,78
Brianna Ste-Marie,1892.71,2022,1804.4,66
Leonardo Mario,1816.5,2025,1803.43,51
Gabriel Arges,1849.31,2019,1802.89,46
Max Hanson,1832.14,2023,1802.83,103
Jay Rodriguez,1855.92,2022,1802.43,48
Tarik Hopstock,1826.04,2025,1802.28,89
Jonas Andrade,1801.83,2025,1801.83,126
Catriel Oliveira,1890.71,2024,1801.47,104
Steffen Banta,1799.25,2025,1799.25,20
Tye Ruotolo,1808.78,2024,1798.36,39
Kendall Reusing,1797.16,2024,1797.16,62
Gianni Grippo,1917.92,2019,1796.67,353
Jamil Hill-Taylor,1842.93,2021,1796.0,79
Diego Sodre,1813.17,2025,1795.89,48
Dimitrius Souza,1893.04,2017,1794.08,178
Pj Barch,1850.93,2022,1793.87,115
Israel Sousa,1832.98,2024,1792.23,59
Rafael Trabuco,1792.23,2025,1792.23,33
Josh Hinger,1803.71,2019,1790.42,49
Rafaela Guedes,1806.9,2024,1789.39,46
Nathalie Ribeiro,1789.18,2024,1789.18,33
Amy Campo,1930.27,2022,1788.1,65
Yago De Souza,1867.18,2021,1787.99,70
Pedro Machado,1824.88,2024,1787.76,109
Kyle Boehm,1791.6,2022,1787.28,21
Marcio Andre,1846.08,2018,1785.2,65
Margot Ciccarelli,1836.14,2024,1784.6,83
Garry Tonon,1821.71,2020,1784.16,102
Jefferson Goteu,1794.71,2024,1783.35,68
Aurelie Le Vern,1897.85,2025,1782.6,58
Felipe Bezerra,1794.28,2025,1782.48,55
Hugo Marques,1814.63,2019,1782.41,104
Alex Nguyen,1791.0,2024,1781.86,33
Israel De Sousa Almeida,1874.34,2023,1781.4,129
Pedro Henrique Rocha,1795.46,2024,1781.0,65
Seif-Eddine Houmine,1794.43,2024,1780.97,69
Mateus Rodrigues,1850.86,2024,1780.68,106
Fernando Reis,1837.29,2019,1780.64,110
Alan Sanchez,1780.57,2024,1780.57,66
Gabriel Brod,1841.78,2024,1778.8,75
Gabriel Galvao,1781.11,2025,1775.59,37
Maria Ruffatto,1795.57,2025,1774.86,37
Cleber Sousa,1804.45,2018,1773.4,180
Roger Gracie,1772.92,2017,1772.92,12
Beatriz Mesquita,1781.63,2024,1772.3,32
Leonardo Ferreira,1779.16,2025,1771.63,29
Guilherme Augusto,1801.98,2023,1771.29,151
Renato Canuto,1771.07,2025,1771.07,51
Francisco Lo,1805.38,2024,1770.35,119
Paulo Merlin,1769.4,2025,1769.4,45
Richar Nogueira,1784.7,2022,1767.32,159
Joao Mendes,1763.53,2025,1763.53,56
Everton Souza Teixeira,1775.61,2025,1762.83,30
Davi Cabral,1832.51,2022,1762.55,73
Elder Cruz,1895.64,2024,1762.54,131
Natan Chueng,1787.68,2024,1762.06,153
Jeferson Guaresi,1770.63,2022,1761.55,73
Yan Lucas,1780.88,2025,1760.8,211
Alexandre Ribeiro,1798.78,2016,1760.0,60
Matheus Spirandeli,1789.42,2020,1759.65,127
Patrick Gaudio,1860.49,2021,1759.48,201
Luis Oliveira,1769.36,2025,1759.48,36
Keven Carrasco,1759.16,2025,1759.16,65
Augusto Mendes,1758.41,2021,1758.41,38
Javier Barter,1791.1,2024,1758.08,67
Ademir Barreto Araujo,1761.83,2025,1757.84,76
Julian Espinosa,1829.31,2024,1757.84,108
Devhonte Johnson,1778.38,2022,1757.7,146
Ana Vieira,1762.89,2024,1757.66,27
Josh Cisneros,1820.97,2022,1757.33,71
Joao Miyao,1782.45,2019,1757.32,41
Demian Maia,1759.03,2007,1757.25,38
Baret Yoshida,1805.97,2010,1756.75,94
Ruan Alvarenga,1756.61,2025,1756.61,19
Davi Vetoraci,1768.09,2024,1755.97,51
Inacio Santos,1759.81,2024,1755.97,29
Kjetil Lydvo,1773.77,2024,1755.6,31
Jakub Zajkowski,1776.5,2022,1754.93,34
Leonardo Souza Oliveira,1763.81,2025,1754.91,38
Pedro Maia,1767.86,2024,1754.04,70
Jon Blank,1799.28,2024,1754.01,51
Anderson Munis,1774.92,2024,1753.02,78
Mauricio Oliveira,1780.05,2023,1752.93,62
Gabriel Sousa,1820.64,2019,1748.66,176
Pedro Lucas,1814.9,2024,1748.64,48
Estevan Martinez,1761.35,2024,1748.07,105
Pablo Lavaselli,1822.45,2022,1747.37,147
Sheliah Lindsey,1760.08,2025,1746.8,46
Adam Benayoun,1772.02,2022,1746.05,82
Jeremy Skinner,1822.81,2024,1745.27,34
Fellipe Trovo,1840.2,2023,1744.62,148
David Garmo,1804.28,2024,1744.39,181
Lucas Lepri,1750.61,2019,1743.38,38
Eleftheria Christodoulou,1772.19,2022,1743.18,16
Nikki Lloyd-Griffiths,1800.5,2024,1743.16,55
Matheus Felipe Xavier,1742.6,2025,1742.6,92
Hiago George,1849.96,2021,1741.2,217
Jonathan Satava,1782.29,2023,1741.07,152
Diana Teixeira,1752.62,2025,1740.04,81
Vinicius Liberati,1778.77,2024,1739.13,38
Manuel Ribamar,1813.86,2020,1738.88,203
Kieran Kichuk,1866.38,2022,1738.53,114
Lucas Rodrigues,1774.06,2023,1738.43,19
Rafael Lovato,1737.91,2025,1737.91,62
Sebastian Rodriguez,1802.17,2022,1736.31,106
Cassio Francis,1800.76,2016,1734.28,70
Otavio Sousa,1758.43,2017,1733.41,60
Leonardo Nogueira,1772.59,2018,1733.39,85
Nicky Ryan,1759.59,2023,1731.43,22
Dominique Bell,1790.08,2021,1730.33,53
Caroline Brunacio,1762.83,2025,1729.63,25
Roberto Satoshi,1791.45,2018,1728.87,80
Achilles Rocha,1745.35,2024,1728.82,31
Austin Baker,1745.27,2024,1728.75,97
Luiza Monteiro,1742.4,2025,1728.34,36
Levi Jones,1734.48,2024,1727.81,37
Dj Jackson,1795.7,2018,1727.8,132
C. Negromonte,1726.56,2024,1726.56,55
Arnaldo Maidana,1760.73,2019,1726.4,156
Guilherme Fernandes,1731.47,2025,1726.12,44
Luan Azevedo,1769.21,2022,1725.93,23
"Marcio Cruz ""Pe De Pano""",1866.18,2005,1724.58,66
Rafael Paganini,1806.76,2024,1724.54,167
Tamiris Silva,1754.97,2025,1724.12,41
Leonardo Saggioro,1790.44,2021,1724.11,162
Faris Ben-Lamkadem,1794.09,2024,1723.9,73
Everton Souza,1735.01,2025,1723.76,14
Guilherme Lambertucci,1731.72,2024,1722.87,68
Sean Roberts,1754.85,2015,1722.86,32
Jose Jurema,1740.98,2024,1722.33,53
Vitoria Assis,1746.28,2023,1721.94,37
Joe Dierkhising,1721.86,2023,1721.86,24
Jaine Fragoso,1752.82,2025,1721.78,88
Sebastian Serpa,1762.64,2024,1721.66,121
Yigit Hanay,1761.73,2024,1721.32,25
Espen Mathiesen,1760.54,2024,1719.22,99
Jessica Caroline Dantas,1810.12,2024,1718.87,127
"Francisco ""Sinistro"" Iturralde",1735.22,2024,1718.66,122
Bruno Lima,1751.48,2024,1718.54,107
Zayed Alkatheeri,1735.45,2024,1716.59,52
Lucas Montalvao,1747.27,2025,1716.56,27
Leonardo Lara,1727.6,2024,1716.13,121
Kristof Szucs,1778.84,2024,1715.91,35
Mathias Luna,1737.15,2023,1713.79,150
Giovanna Jara,1769.85,2024,1713.6,33
Rerisson Gabriel,1718.43,2025,1713.2,20
Diego Ramalho,1886.53,2017,1713.04,279
Amanda Magda,1789.47,2024,1712.5,90
Leandro Rounaud Lima,1758.16,2024,1711.87,109
Rui Alves,1746.2,2025,1710.94,48
Shelby Murphey,1753.78,2024,1710.44,23
Thiago Macedo,1782.14,2018,1709.6,293
Amanda Leve,1733.77,2024,1709.14,23
Osamah Almarwai,1731.91,2024,1709.07,65
Rodrigo Francioni,1708.81,2024,1708.81,80
Jefferson Fagundes,1762.18,2024,1708.79,56
Luan Carvalho,1813.19,2021,1708.41,158
Larissa Campos,1708.34,2025,1708.34,49
Pierre-Olivier Leclerc,1771.91,2024,1708.21,57
Pedro Agrizzi,1784.91,2022,1707.23,99
Joao Costa,1729.58,2024,1706.56,36
Henrique Betta,1795.01,2025,1705.93,57
"Gabriel Costa ""Maranhao""",1817.8,2023,1705.78,125
Pedro Ramalho,1717.72,2024,1705.73,15
Rudson Mateus,1715.27,2019,1705.65,36
Bebeto Oliveira,1792.93,2022,1705.24,83
Paulo Gabriel Martins,1756.76,2020,1704.96,45
Jackson Sousa,1836.1,2017,1704.55,260
Aj Sousa,1725.95,2016,1703.01,48
Laura Sieradzan,1702.73,2025,1702.73,16
Max Lindblad,1732.89,2020,1702.33,115
Omar Alsuwaidi,1702.05,2025,1702.05,27
"Vinicius ""Trator"" Ferreira",1771.08,2021,1701.51,111
Izadora Cristina,1725.67,2024,1701.08,35
Daniel Sathler,1738.45,2024,1700.51,55
Mackenzie Dern,1819.88,2016,1699.24,102
Romulo Barral,1726.05,2016,1697.9,33
Gabrielle Mccomb,1721.71,2023,1697.65,12
Junny Ocasio,1695.65,2024,1695.65,25
Cassia Moura,1712.7,2025,1695.59,25
Igor Feliz,1742.0,2022,1695.58,62
Nathannael Fernandes,1701.17,2025,1695.03,30
Claudio Calasans,1771.44,2017,1692.78,59
Murilo Amaral,1707.81,2023,1692.36,55
Vitor Henrique Oliveira,1783.73,2018,1691.15,133
Sergio Moraes,1723.01,2011,1690.82,35
Ali Monfaradi,1778.11,2021,1690.49,178
Jordan Vaisman,1734.07,2024,1689.84,55
Fernanda Cristo,1743.76,2025,1688.88,45
Nick Salles,1701.57,2024,1688.44,49
Ademir Barreto,1690.58,2025,1688.08,37
Malachi Edmond,1703.29,2025,1687.33,54
Marcos Carrozzino,1698.0,2025,1687.11,49
"Aaron ""Tex"" Johnson",1781.17,2019,1686.87,152
Roberto 'Roleta' Magalhaes,1736.78,1998,1686.31,29
Luiz Felipe Santos,1710.73,2025,1685.33,37
Marcelo Fausto,1745.17,2023,1685.15,64
Alex Munis,1683.56,2024,1683.56,90
Rafael Dos Anjos Torres,1693.44,2025,1682.1,77
Yago Souza,1714.74,2021,1682.02,17
Michael Jalen Fonacier,1681.88,2025,1681.88,22
Pedro Silva De Souza,1747.85,2024,1681.42,50
Jt Torres,1711.52,2022,1681.07,39
Gabriela Pereira,1691.66,2025,1681.07,79
Marcos Tinoco,1713.72,2019,1681.03,45
Melissa Cueto,1694.93,2025,1680.89,49
Jaime Canuto,1825.8,2017,1680.39,254
Yuri Hendrex,1747.56,2024,1680.16,130
Giovanna Carneiro,1712.46,2024,1679.42,30
Guthierry Barbosa,1798.19,2020,1678.72,87
Luiz Paulo,1809.19,2024,1678.04,146
Alef Brito,1757.48,2019,1677.25,114
Orlando Sanchez,1717.58,2019,1676.86,22
Maria Carolina Vicentini,1729.21,2025,1676.4,52
Braga Neto,1678.46,2009,1676.17,22
Matias Estevez,1725.73,2023,1675.5,35
Jonata Gomes,1716.13,2024,1674.66,38
Zach Kaina,1700.91,2025,1673.23,55
Edwin Najmi,1743.23,2017,1673.08,33
Mario Reis,1728.7,2005,1672.48,82
Ary Farias,1729.64,2018,1671.65,43
Matheus Lima,1708.02,2024,1671.59,29
Yuta Shimada,1830.92,2017,1671.37,103
Brenda Larissa,1765.34,2024,1671.07,100
Vitoria Vieira,1734.0,2024,1670.81,96
Murilo Santana,1770.63,2009,1670.71,193
Lucas Gualberto,1788.74,2021,1670.39,105
Joao Assonitis,1698.71,2024,1669.01,33
Italo Lima Costa,1719.85,2023,1667.54,60
Higor Lima,1770.01,2021,1666.67,81
Danilo Moreira,1715.52,2022,1666.66,105
Rida Haisam,1739.54,2022,1666.57,74
Vinicius Martins,1732.96,2023,1665.95,66
Nathiely Jesus,1674.58,2024,1664.93,21
"Carlos Jose Junior ""Righetti""",1675.35,2025,1664.88,14
Maria Vicentini,1664.32,2025,1664.32,21
Frank Rosenthal,1742.47,2022,1663.57,55
Maria Luiza,1717.88,2025,1663.28,65
Michael Liera,1732.5,2020,1659.83,58
Alexandre Manara,1728.24,2025,1659.54,66
Gilbert Burns,1661.88,2021,1658.94,20
Seif Houmine,1666.5,2020,1658.49,21
Julia Maele,1728.89,2022,1657.97,38
Windson Torres,1687.59,2025,1657.55,33
Amanda Bruse,1679.56,2025,1657.42,48
Alehander Mariano,1680.3,2025,1657.42,22
Wallisson Oliveira,1661.8,2025,1656.67,32
Felipe Cesar,1827.12,2015,1655.99,278
Jhenifer Aquino,1677.47,2023,1655.95,32
Ana Lima Da Silva,1667.61,2024,1655.69,18
"Igor ""Tigrao"" Schneider",1767.13,2022,1654.95,181
Maria Luisa Delahaye,1742.59,2025,1654.63,48
Francisco Cuneo,1712.42,2023,1653.26,147
Renan Cruz,1698.83,2024,1652.78,29
Gabriel Henrique Oliveira,1751.04,2022,1652.56,119
Heikki Jussila,1673.85,2023,1652.31,10
Luciana Mota,1689.78,2023,1651.78,28
Leo Nogueira,1663.05,2017,1651.49,23
Felipe Costa,1653.3,2024,1650.46,35
Mateus Moraes,1658.25,2025,1650.43,33
Tomoyuki Hashimoto,1730.5,2018,1649.85,82
Declan Moody,1649.2,2025,1649.2,14
Andrew Soares,1677.3,2024,1648.13,24
Jose Bruno Matias,1747.13,2021,1646.79,80
Tanner Rice,1705.77,2018,1646.02,47
Sabrina Gondim,1645.69,2024,1645.69,22
Osvaldo Moizinho,1697.29,2019,1645.57,66
Erin Harpe,1644.71,2024,1644.71,11
Arley Pacheco,1643.4,2025,1643.4,53
Victor Nithael,1651.76,2024,1642.94,86
Jessica Caroline,1674.34,2025,1642.66,50
Alessandro Botelho,1665.23,2023,1642.63,15
Marcelo Gomide,1667.12,2019,1642.06,103
Eduardo Granzotto,1647.6,2025,1641.58,32
Bruno Frazatto,1764.42,2015,1640.91,79
Vitor Oliveira,1667.31,2016,1640.78,35
Wellington Luis,1678.25,2021,1639.52,50
Leo Saggioro,1651.58,2024,1639.4,57
Florian Bayili,1671.58,2024,1639.13,81
Gabriel Costa,1638.84,2024,1638.84,42
M. Szczecinski,1638.78,2025,1638.78,17
Caio Vinicius,1679.87,2024,1637.45,51
Damion Oranday,1678.79,2022,1637.33,59
Celso Vinicius,1688.39,2011,1636.33,29
Daniel Conceicao,1635.98,2025,1635.98,10
Vinicius Trator,1652.94,2024,1635.96,52
Dominic Mejia,1641.34,2025,1635.68,14
Nia Blackman,1679.42,2024,1635.65,47
Tacio Carneiro,1647.21,2025,1635.49,50
Amanda Monteiro,1673.0,2020,1635.23,28
Jed Hue,1653.97,2024,1633.78,16
Ygor Rodrigues,1656.35,2025,1633.67,31
Tammi Musumeci,1642.63,2024,1633.6,18
Wallace Costa,1768.28,2022,1633.55,149
Eric Phan,1633.11,2025,1633.11,38
"Marcos ""Petcho"" Martins",1761.46,2019,1632.81,116
Brigida Felipe,1693.16,2023,1632.17,10
Gabriel Henrique,1658.41,2023,1632.1,40
Marcus Beddor,1648.93,2021,1632.01,57
Rafael Silveira,1647.73,2025,1631.58,29
Ana Beatriz Santos,1631.49,2025,1631.49,15
Harryson Pereira,1710.56,2023,1631.25,118
Ariel Tabak,1677.82,2022,1630.59,72
Davis Asare,1638.85,2025,1630.11,15
Nadia Frankland,1729.58,2024,1630.01,38
Servio Tulio,1748.91,2024,1629.02,132
Thaynara Victoria,1651.21,2025,1628.66,20
Vinicius Lessa,1659.47,2024,1628.18,94
Kevin Mahecha,1685.99,2024,1627.3,199
Fabyury Khrysthyan,1696.5,2025,1626.74,43
Lucas Norat,1635.76,2025,1626.31,90
Renato Cardoso,1634.55,2022,1625.84,80
Shay Montague,1647.99,2023,1624.69,13
Gabriel Volante,1712.31,2019,1624.57,36
Frank Cespedes,1624.19,2025,1624.19,47
Anabel Lopez,1671.68,2024,1623.96,25
Guilherme Cordiviola,1648.16,2025,1623.85,66
Matheus Luna,1631.41,2025,1623.35,52
Joao Nicolite,1793.06,2024,1622.66,71
Rafael Borges,1639.4,2024,1622.61,16
Gilson Nunes,1660.89,2018,1622.49,24
Austin Oranday,1712.54,2024,1622.37,194
Rodrigo Cavaca,1655.8,2013,1621.79,17
Pablo Popovitch,1664.11,2011,1620.77,12
Vannessa Griffin,1659.88,2021,1620.51,74
Jessa Khan,1640.22,2023,1619.06,33
Pedro Bolo,1680.26,2023,1618.5,16
Emily Fernandez,1639.37,2023,1617.6,39
Lucas Castro,1651.38,2024,1617.44,35
Aurelie Vern,1637.16,2025,1617.25,19
Joao Pedro Menezes,1673.41,2025,1616.99,13
Vinicius Pereira,1663.69,2022,1616.15,77
Leonardo Leite,1740.86,2006,1615.78,33
Fabio Alano,1699.93,2023,1615.17,34
Hygor Brito,1687.47,2023,1614.69,190
Bruno Matias,1712.48,2021,1614.14,42
Guilherme Bacha,1613.46,2022,1613.46,29
Caio Terra,1663.02,2013,1613.35,16
Lucas Foguinho Souza,1614.14,2025,1612.76,32
Kauane Ramos Da Silva,1686.39,2024,1612.37,17
Welerson Goncalves,1683.88,2024,1611.98,91
Sabatha Lais,1611.03,2025,1611.03,18
Gavin Corbe,1668.59,2022,1610.23,13
Tex Johnson,1617.81,2021,1610.04,62
Franco Diaz,1644.49,2025,1609.36,13
Rafael Anjos,1615.1,2025,1609.29,34
Gabrielle Garcia,1679.23,2015,1608.7,12
Kevin Gabriel,1653.42,2024,1607.94,20
Paulo Gabriel,1628.01,2019,1607.85,20
Gabriel Cardoso,1680.43,2023,1607.53,26
Eduardo Roque,1635.31,2023,1607.01,38
Felipe Machado,1606.19,2025,1606.19,10
Marcin Maciulewicz,1615.84,2024,1604.96,10
Luiz Panza,1643.49,2018,1604.4,42
Dillon Danis,1621.71,2016,1601.09,13
Bruno Bressan,1603.95,2025,1600.56,19
Igor Schneider,1643.24,2023,1598.95,67
Rose El Sharouni,1638.65,2023,1598.74,70
Leon Brito,1691.03,2021,1598.21,71
Salla Simola,1621.46,2023,1597.13,45
Angelo Claiborne,1605.55,2025,1597.09,26
Fabricio Werdum,1596.97,2018,1596.97,12
Mariana Rolszt,1625.76,2025,1596.63,64
Diego Borges,1648.93,2017,1596.33,15
Elizabeth Mitrovic,1760.83,2024,1595.85,110
Thiago Saboia,1633.65,2024,1595.27,31
Adriano Araujo,1652.79,2019,1595.21,32
Daniel Maira,1621.74,2022,1595.21,76
Michael Perez,1597.24,2023,1594.64,27
Jake Watson,1651.18,2021,1594.25,29
Fernanda Mazzelli,1598.39,2022,1594.13,15
Pedro Rocha,1603.66,2019,1594.1,28
Victor Silverio,1672.11,2017,1593.47,56
Leon Mendonca,1609.41,2025,1592.57,14
Lucas Leite,1599.25,2015,1592.35,11
Jeremy Jackson,1632.82,2020,1592.31,47
Marco Mendes,1666.11,2024,1592.11,57
Sam Mcnally,1695.5,2023,1591.7,61
R. Evangelista,1662.43,2023,1590.62,65
Marcos Gomes Guedes,1627.57,2025,1590.27,31
Inseong Jang,1628.71,2019,1587.06,23
Lucas Lisboa,1604.94,2021,1585.54,47
Pedro Dias,1655.98,2023,1584.67,100
Leonardo Oliveira,1587.28,2025,1583.32,12
Nicholas Maglicic,1639.28,2025,1583.13,24
Rodnei Barbosa,1756.39,2019,1582.16,112
Lucas Silva,1660.72,2023,1580.17,71
Jake Mackenzie,1651.97,2018,1579.09,12
Daniel Amorim Junior,1616.17,2021,1578.71,23
Nick Calvanese,1604.71,2018,1578.46,11
Tadiyah Danforth,1665.4,2024,1578.44,52
Gabriel De Oliveira,1720.85,2024,1578.38,74
Alejandro Tolmos,1606.61,2023,1577.14,15
Isabely Lemos,1597.69,2024,1576.26,13
Luan Andrei,1603.49,2021,1575.61,29
Johnny Tama,1729.51,2017,1575.33,190
Lucio Rodrigues,1660.14,2016,1572.29,16
Breylor Grout,1598.26,2023,1570.88,12
Samir Chantre,1610.02,2016,1570.4,33
Chayse Diekema,1592.45,2025,1568.13,25
Raul Basilio,1570.53,2025,1567.95,62
John Hansen,1567.33,2023,1566.33,18
Anthony Robinson,1603.57,2023,1564.35,17
Kennedy Franklin,1676.98,2024,1564.29,23
Gabriel Procopio,1577.72,2018,1564.17,12
Eduardo Avelar Carvalho,1676.54,2022,1562.6,144
Antonio Carlos,1582.21,2012,1562.51,11
Lachlan Giles,1567.84,2019,1562.5,14
Fabricio Barbarotti,1602.66,2024,1562.41,111
Matheus Godoy,1737.63,2018,1562.27,96
Maria Malyjasiak,1583.26,2023,1562.12,38
Youngseung Cho,1585.44,2021,1560.79,42
Faris Lamkadem,1574.84,2023,1560.59,21
Leandro Rounaud,1589.21,2025,1560.22,29
Marcelo Mafra,1588.46,2018,1559.95,17
Chris Tran,1588.01,2024,1559.95,25
Pedro Pessoa Bisneto,1573.93,2024,1558.61,37
Felipe Linhares,1627.19,2018,1557.97,17
Sergio Rios,1577.93,2022,1557.74,47
Sergio Soares,1569.55,2022,1557.73,12
Helton Jose Junior,1778.21,2019,1557.59,208
Jhonathan Marques,1563.59,2024,1556.98,17
Claire North,1592.31,2023,1556.82,34
Kira Sung,1615.5,2024,1556.21,22
Elionai Braz,1556.5,2025,1555.12,31
Karen Antunes,1554.98,2024,1554.98,12
Pedro Veras,1572.62,2024,1554.22,16
Thais Loureiro,1553.91,2025,1553.91,42
Vinny Magalhaes,1563.6,2015,1552.23,22
Hiago Gama,1649.37,2019,1551.91,31
Cleison Gabriel,1565.73,2023,1551.68,10
Gabriel Gaudio,1587.42,2021,1551.49,32
Yuri Da Silva,1556.0,2025,1551.42,16
Marcos Martins,1584.75,2023,1551.16,41
Tiago Barros,1570.33,2017,1551.15,14
Eliana Carauni,1566.98,2023,1551.15,43
Julia Boscher,1596.74,2022,1550.8,16
Gabriel Oliveira,1585.1,2024,1550.52,33
Jordan Holy,1606.63,2022,1549.76,15
Rafael Vasconcelos,1638.49,2018,1549.36,106
Nisar Loynab,1561.77,2020,1549.34,42
Larissa Martins,1566.67,2023,1548.81,14
Antonio Assef,1555.61,2023,1548.68,14
Evandro Nunes,1589.67,2015,1548.22,27
Leon Larman,1576.02,2023,1548.2,18
Joshua Bacallao,1570.61,2022,1548.11,18
Luiz Santos,1568.47,2023,1547.44,21
Tarsis Humphreys,1597.65,2013,1547.43,21
Rodrigo Ribeiro,1563.93,2022,1547.09,39
Shane Fishman,1576.86,2024,1546.81,22
Gregor Gracie,1553.59,2025,1546.44,16
Rui Neto,1583.0,2025,1546.13,13
Michael Sheenan,1545.99,2025,1545.99,11
Wallison Oliveira,1545.75,2025,1545.75,10
Leandro Carlos,1547.82,2024,1545.49,17
Joao Paulo Neto,1742.96,2019,1544.2,79
Gabriel Lucas,1597.51,2017,1544.05,21
James Quinlan,1612.77,2022,1543.62,11
Ellis Younger,1569.89,2022,1543.5,18
Rodrigo Fajardo,1542.86,2021,1542.86,20
Grace Gundrum,1598.17,2023,1542.75,10
Daniel Diniz,1607.83,2024,1542.52,77
Inacio Neto,1563.45,2019,1541.51,19
Cory Walker,1621.87,2022,1540.33,16
Jorge Escudero,1550.13,2024,1540.15,12
Carlos Alberto,1544.2,2019,1539.62,11
Alan Finfou,1545.48,2019,1538.41,10
Ane Svendsen,1543.07,2025,1538.07,19
Jackson Douglas,1554.89,2024,1537.68,114
Stanley Rosa,1588.67,2021,1536.81,16
Philippe Pomaski,1545.26,2019,1536.66,12
Lucas Maquine,1536.38,2025,1536.38,13
Kleber Barboza,1582.71,2025,1536.19,10
Luca Anacoreta,1567.07,2015,1536.05,19
Paul Ardila,1538.2,2024,1534.86,11
Sebastian Brosche,1577.41,2019,1533.52,44
G. Lambertucci,1543.02,2024,1533.01,26
Pierre Leclerc,1553.94,2024,1532.63,15
Stephen Martinez,1535.22,2021,1531.88,11
Manoel Porto,1555.94,2024,1531.17,24
Masahiro Iwasaki,1531.13,2019,1531.13,20
Gerard Labinski,1538.1,2019,1530.88,13
Chloe Mcnally,1573.43,2021,1530.88,22
Luciano Bernert,1539.44,2021,1530.84,15
Vitor Peres,1560.08,2022,1529.4,13
Gyalisson Freitas,1605.62,2019,1528.99,58
Kalel Santos,1540.0,2019,1528.62,25
Joao Assis,1533.74,2017,1528.19,14
Lavinia Barbosa,1543.32,2021,1527.67,16
Isaque Paiva,1547.54,2012,1527.48,40
Michael Trasso,1583.33,2018,1526.82,30
Victor Estima,1527.34,2016,1526.72,16
Nathan Haddad,1538.61,2024,1526.59,19
Julio Anjos,1565.08,2019,1526.37,12
Geo Martinez,1533.67,2022,1526.35,20
Ben Eddy,1525.01,2024,1525.01,11
Dory Aoun,1558.51,2024,1524.36,30
Iago Duarte,1598.56,2023,1522.88,10
Aj Agazarm,1538.43,2022,1522.57,63
Rafael Mansur,1562.38,2018,1522.26,27
Mansher Khera,1570.56,2016,1521.96,10
Vinicius Marinho,1533.21,2015,1521.19,15
Aaron Tiegs,1539.26,2022,1520.94,11
Clark Gracie,1535.73,2012,1520.08,15
Kacie Tan,1626.03,2022,1519.14,17
Faisal Alkitbe,1546.38,2021,1519.12,17
Vitor Sotini,1524.81,2024,1517.98,17
Hunter Colvin,1588.39,2022,1517.37,30
Thiago Abud,1592.1,2019,1517.28,44
Gabriel Rollo,1640.03,2016,1517.19,32
Pedro Elias,1518.47,2025,1516.3,28
Wilhiam Mateus,1541.97,2022,1514.94,10
Thamires Aquino,1532.22,2023,1514.45,12
Edward Lucero,1541.41,2023,1514.37,13
Artem Kaygarodov,1553.99,2024,1513.77,10
Italo Lins,1542.8,2012,1513.39,10
Davi Ramos,1529.44,2017,1512.75,21
Leo Souza,1519.48,2023,1512.7,11
Chris Wojcik,1522.13,2022,1512.35,21
Caio Caetano,1600.31,2018,1512.16,36
Perttu Tepponen,1546.31,2019,1512.1,10
An Vu,1551.5,2024,1512.07,16
Joao Neto,1561.54,2019,1510.42,19
Roberta Ribeiro,1519.24,2023,1509.56,12
Vinicius Paoli,1546.97,2023,1509.47,11
Eduardo Avelar,1515.3,2025,1509.23,56
Andre Cantanhede,1529.46,2021,1508.88,26
Nathan Orchard,1514.49,2022,1508.32,10
Gabriela Fechter,1522.71,2022,1507.38,13
Alexandre Ceconi,1590.84,2011,1507.06,19
Dany Gerard,1546.65,2017,1507.04,19
Maria Claudia,1606.2,2023,1506.91,17
Anderson Kauan,1558.66,2023,1506.63,31
Roiter Lima,1670.09,2021,1506.52,35
Ruan Oliveira,1544.79,2016,1506.41,22
Matheus Gonzaga,1556.89,2019,1505.47,10
Matheus Felipe,1505.28,2025,1505.28,23
Abraham Marte,1522.99,2016,1505.14,18
Anthony Oliveira,1512.85,2024,1504.33,12
Ethan Major,1505.26,2025,1503.94,14
Lucas Laet,1508.94,2021,1503.63,14
Joao Oliveira,1532.66,2019,1503.47,31
Pedro Moura,1502.84,2024,1502.84,14
Szilard Sule,1504.21,2025,1501.77,11
Koji Shibamoto,1606.04,2017,1500.6,17
Matheus Chedid,1532.5,2024,1499.67,12
Italo Moura,1569.67,2019,1499.42,31
Johnif Rocha,1572.54,2022,1499.24,11
Kody Steele,1509.33,2020,1499.09,14
Helton Jose,1615.87,2019,1498.04,82
Santiago Guerra,1576.62,2024,1497.93,15
Jz Cavalcante,1549.76,2021,1496.82,10
Rodrigo Gortari,1520.08,2021,1496.5,23
Jp Rocha,1549.62,2024,1496.26,13
Artur Oliveira,1527.96,2023,1496.0,17
Lucas Wilhan,1508.9,2023,1495.99,10
Pedro Serrano,1549.07,2022,1495.83,17
Erick Diovano,1545.55,2023,1495.69,21
Eldar Rafigaev,1522.52,2019,1495.23,16
Jadson Araujo,1524.66,2022,1495.02,10
Duda Tozoni,1584.05,2021,1493.87,25
Erika Machado,1532.0,2024,1493.69,12
Davi Souza,1535.05,2022,1493.42,18
Ismael Santos,1593.51,2024,1493.24,88
Sergio Ardila,1545.18,2021,1492.99,14
Richard Alarcon,1539.08,2019,1492.74,10
Lucas Valle,1554.05,2015,1492.47,45
Igor Sousa,1564.81,2019,1491.74,25
Pablo Mantovani,1548.13,2018,1491.68,27
Kalum Klausner,1543.81,2024,1491.56,14
Jhonny Loureiro,1637.41,2016,1491.15,19
Elijah Carlton,1500,,1490.9,11
Alexandre Souza,1542.48,2009,1490.89,13
Nick Ronan,1500,,1490.74,18
Justin Primrose,1560.92,2022,1490.05,15
Jose Lima,1524.33,2018,1489.81,11
Marcos Gomes,1564.45,2024,1488.94,12
Gyula Szabo,1519.99,2022,1488.08,16
Stuart Maddox,1524.36,2020,1485.35,10
Diego Herzog,1526.13,2015,1485.24,10
Giulia Gregorut,1516.49,2023,1484.88,35
Italo Lima,1501.2,2023,1484.77,26
Ana Schmitt,1527.03,2019,1483.95,12
Eduardo Macedo,1512.86,2022,1483.62,10
Elder Junior,1519.81,2022,1483.19,14
Lukete Silva,1553.99,2023,1482.91,39
Talita Nogueira,1540.26,2019,1482.71,14
Valdir Araujo,1512.86,2017,1482.68,28
Leo Silva,1585.09,2021,1482.54,34
Clemer Hebert,1500,,1482.37,14
Calon Sabino,1538.7,2022,1480.61,12
Carlos Castro,1500,,1480.6,14
Gialysson Freitas,1538.15,2021,1480.53,22
Admilson Gobi,1522.04,2016,1480.51,11
Omar Alfadhli,1516.96,2022,1480.51,13
Bryan Peterson,1539.09,2022,1479.5,10
Romulo Azevedo,1543.29,2016,1479.39,11
Ricardo Rezende,1542.18,2014,1478.24,13
Pedro Leonardo,1551.94,2024,1478.07,11
Diego Ferreira,1550.24,2021,1477.86,10
Otavio Nalati,1590.01,2015,1477.37,44
Ed Ramos,1516.72,2015,1477.34,10
"Maria Eduarda ""Duda"" Tozoni",1605.22,2021,1476.08,53
Josh Guerra,1531.98,2022,1475.92,11
Kevin Crane,1506.22,2022,1475.57,12
Kim Terra,1530.77,2016,1474.31,22
Nick Schrock,1510.7,2016,1474.09,15
Marcel Goncalves,1531.97,2015,1474.01,12
Jurandir Conceicao,1500,,1473.79,14
Josh Bacallao,1505.76,2017,1473.7,12
Kauan Barboza,1576.18,2018,1473.68,23
Freddy Vosgrone,1512.17,2022,1473.51,17
Thalys Pontes,1549.16,2023,1473.46,16
Francisco Iturralde,1557.17,2013,1473.11,33
Janine Mutton,1522.08,2023,1473.11,17
Vinicius Reis,1500,,1472.29,15
Lucas Brito,1543.27,2022,1471.08,32
Alexandre Cavaliere,1516.81,2016,1470.59,21
Julio Arantes,1515.17,2021,1470.48,30
Gustavo Dias,1500,,1470.46,22
Athos Miranda,1500,,1470.02,21
Matheus Onda,1516.65,2023,1468.41,36
Darlan Casaca,1555.04,2022,1468.34,38
Joao Cizeski,1532.0,2021,1468.34,41
Diogo Nascimento,1500,,1468.21,16
Shoya Ishiguro,1500,,1468.05,17
Dustin Akbari,1500.7,2017,1467.43,10
Enrico Cocco,1500,,1467.25,12
Roberto Alencar,1542.22,2012,1466.34,16
Marlus Salgado,1500,,1466.2,30
Leonardo Andrade,1530.02,2022,1465.59,19
Yasmira Dias,1500,,1464.77,10
Sean Coates,1506.62,2019,1464.34,15
Sandro Vieira,1500,,1464.31,14
Gustavo Oliveira,1500,,1463.41,10
Clay Mayfield,1500,,1462.15,86
Thomas Halpin,1500,,1461.1,10
Wellington Peroto,1521.74,2015,1460.74,18
Igor Paiva,1500,,1459.8,12
Claudio Mattos,1579.43,2010,1459.76,17
Sebastian Guevara,1512.97,2023,1459.51,14
Breno Bittencourt,1500,,1459.23,14
Levi Moura,1500,,1459.02,11
Mauricio Gomez,1500,,1458.93,17
Willis Nunes,1611.75,2020,1457.91,42
Fabio Fernandes,1500,,1457.82,13
Eric Bergmann,1500,,1457.47,20
Theodoro Canal,1554.48,2011,1457.11,11
Matt Leighton,1500,,1457.08,22
Arya Esfandmaz,1500,,1456.69,12
Darragh Oconaill,1524.13,2015,1456.39,20
Luan Gomes,1536.31,2023,1455.92,24
Carlos Neto,1519.03,2022,1454.81,20
Andre Campos,1500,,1454.63,11
Thiago Saldanha,1507.46,2022,1454.47,10
Carlos Souza,1524.61,2020,1454.47,15
Xavier Silva,1514.87,2021,1454.0,11
Matheus Galvao,1500,,1453.96,34
Karl Pegers,1506.07,2023,1453.63,10
Fausto Godoy,1500,,1453.39,14
Maggie Grindatti,1500,,1453.34,16
London Horn,1500,,1452.71,12
Diogo Sampaio,1521.74,2013,1452.66,32
Richie Martinez,1509.07,2015,1451.82,15
Cole Franson,1516.12,2018,1451.25,20
Felipe Pimentel,1500,,1450.72,10
Adam Bradley,1538.48,2021,1450.27,16
Guilherme Rocha,1539.49,2019,1449.51,35
Gabriel Lima,1541.53,2019,1449.13,10
Frederico Alves,1500,,1449.1,10
Silvio Duran,1500,,1448.68,31
Renan Borges,1539.99,2015,1448.52,14
Anton Minenko,1500,,1448.21,14
Arturo Salas,1500,,1447.96,10
Reon Niwa,1508.54,2023,1447.85,11
Justin Fabac,1559.9,2021,1447.69,12
Uknown,1500,,1447.57,10
Alexandre Molinaro,1579.2,2019,1446.71,60
Felipe Mota,1500,,1446.63,10
Alexander Lane,1500,,1445.71,11
Yago Rodrigues,1508.88,2021,1445.6,11
Karoline Caramori,1500,,1444.97,10
Rene Sousa,1500,,1444.04,12
Alexandre Vieira,1519.6,2017,1443.76,16
Eduardo Telles,1521.48,2006,1443.1,13
Tiago Bravo,1500,,1442.93,20
Jose Neto,1500,,1442.86,15
Lucas Rocha,1501.06,2015,1441.67,23
Burak Sarman,1500,,1441.1,10
Jesse Vuorio,1500,,1439.95,14
Pedro Bisneto,1555.79,2022,1439.56,15
Thiago Cintra,1500,,1437.82,20
Thiago Sa,1500,,1437.52,37
Astrid Scholin,1516.9,2023,1437.26,14
Matheus Pereira,1516.16,2024,1437.23,10
Magid Hage,1500,,1437.0,22
Guilherme Cypriano,1535.55,2024,1436.5,11
Italo Bonfim,1519.4,2022,1436.46,11
Wanki Chae,1500,,1436.41,14
Marcos Froede,1505.23,2022,1435.79,10
Victoria Ulrich,1500,,1434.79,11
Ben Hodgkinson,1525.9,2018,1434.1,10
Raquel Canuto,1500,,1433.25,11
Marcus Wilson,1500,,1432.81,11
Joao Machado,1500,,1432.67,11
Leticia Cardozo,1500,,1432.57,14
Igor Silva,1500,,1432.36,26
Henrique Barreto,1500,,1432.3,13
Andre Gois,1540.81,2020,1432.2,20
Luis Ribas,1501.15,2022,1432.04,27
Matheus Azancot,1500,,1431.92,10
Celso Ricardo,1510.23,2018,1431.17,11
Claire Thevenon,1500,,1430.21,10
Luciane Silva,1500,,1430.03,11
Huthayfah Penney,1500,,1430.02,25
Rafael Domingos,1508.26,2016,1429.81,12
Mikaela Lima,1525.37,2023,1429.68,16
Leandro Lima,1500,,1429.55,28
Rodrigo Lopes,1645.21,2020,1429.38,77
Matheus Costa,1539.96,2017,1428.87,13
Natalia Zumba,1500,,1428.3,17
Gabriel Marangoni,1500,,1427.95,22
Jason Rau,1500,,1427.67,12
Saul Viayra,1500,,1427.32,10
Carlos Feitosa,1500,,1426.71,10
Pedro Neto,1510.41,2019,1426.31,15
Felipe Santos,1500,,1424.78,10
Paulo Brasil,1500,,1424.59,10
Enrique Galarza,1500,,1424.32,13
Haidar Abbas,1500,,1424.29,11
Mayara Custodio,1500,,1424.02,25
Gabriele Schuck,1500,,1423.76,14
Rose Sharouni,1500,,1422.99,19
Rafael Silva,1500,,1422.97,15
Emilio Hernandez,1662.48,2022,1422.79,282
Paulo Lanzillotti,1500,,1422.56,22
Brandon Walensky,1500,,1421.74,15
Joanna Trindade,1500,,1421.45,12
Yasmyn Castro,1502.68,2024,1421.13,10
Nobuhiro Sawada,1539.27,2018,1420.91,21
Jakub Najdek,1500,,1419.36,12
Joao Albuquerque,1500,,1419.1,10
Amber Freitas,1500,,1418.97,17
Guilherme Silva,1500,,1418.79,17
Deise Leonanjo,1500,,1417.07,11
Matheus Marques,1500,,1416.49,13
Joseph Watson,1510.85,2021,1416.28,24
Tyrone Gonsalves,1500,,1416.12,15
Magdalena Loska,1500,,1415.98,16
Jessica Crane,1500,,1415.75,14
Cleyton Flores,1500,,1415.35,45
Sean Yadimarco,1521.25,2021,1415.16,20
Wildemar Santos,1500,,1413.9,10
Alexis Alduncin,1524.06,2016,1413.81,16
Emily Nicholson,1500,,1413.81,16
Yuri Rodrigues,1500,,1411.87,17
Jared Dopp,1556.14,2015,1411.37,26
Isaac Cordova,1500,,1411.29,11
Hunter Newton,1500,,1411.08,11
Herico Hesley,1500,,1410.8,26
Kitner Moura,1500,,1410.74,13
Brian Mahecha,1617.04,2016,1410.21,120
Pedro Palhares,1500,,1409.95,18
Lucas Feitosa,1500,,1409.43,14
Pedro Cadete,1500,,1407.93,10
Alec Baulding,1528.9,2017,1407.76,20
Filipe Pimentel,1500,,1407.63,28
Rafael Barbosa,1500,,1407.55,18
Amal Amjahid,1500,,1407.47,11
Thamires Monteiro,1500,,1407.33,13
Thiago Aso,1500,,1407.07,10
Gabriel Silva,1500,,1406.87,10
F. Costa,1516.0,2006,1406.82,10
Serena Gabrielli,1500,,1406.27,12
Jefferson Nascimento,1500,,1406.17,12
Max Bickerton,1500,,1406.08,12
Amanda Hening,1500,,1405.35,14
Oliver Lovell,1502.3,2019,1405.21,12
Oscar Gugala,1500,,1405.13,13
Rodrigo Caporal,1500,,1404.21,15
Giovanni Marcelo,1500,,1403.94,10
Estevao Nogara,1500,,1403.53,14
Marcus Phelan,1500,,1403.39,13
Bill Cooper,1500,,1403.12,11
Lucas Alves,1500,,1402.6,35
Max Li,1500,,1401.21,14
Sean Goolsby,1500,,1401.18,15
Eliot Kelly,1500,,1401.12,35
Bruno Bastos,1500,,1400.58,16
Carlos Farias,1500,,1399.81,18
Bruno Tosto,1519.16,2018,1398.47,22
Wesley Santos,1500,,1398.43,16
Fernando Favari,1522.93,2021,1398.33,18
Christiano Tayfour,1500,,1398.32,14
Eduardo Machado,1500,,1397.83,10
Stephanie Jangelni,1500,,1397.55,11
Arthur Mariath,1500,,1397.49,15
Lucas Alcantara,1500,,1397.4,11
Henry Clark,1500,,1396.99,11
Arthur Detanico,1500,,1396.68,20
Gilberto Saraiva,1500,,1396.67,12
Juliana Araujo,1500,,1396.66,10
Ricky Semiglia,1500,,1396.14,12
Erin Johnson,1500,,1395.97,10
Oziel Santos,1500.31,2021,1395.9,25
Lucas Calado,1500,,1395.38,18
Bruno Borges,1500,,1395.08,25
Piter Frank,1500,,1394.51,23
Maique Azevedo,1500,,1393.3,17
Marlon Ferreira,1500,,1393.26,11
Brian Beaury,1500,,1392.68,25
Pierpaolo Chiappe,1500,,1391.97,19
Vinicius Wong,1500,,1391.78,26
Rene Lopez,1500,,1391.61,25
Leo Domingos,1500,,1391.41,12
Marcos Goulart,1500,,1391.39,14
Joao Freitas,1500,,1391.23,10
Nikki Sullivan,1500,,1390.54,15
Walter Santos,1500,,1389.99,11
Caio Goncalves,1500,,1389.33,13
Victor Matos,1500,,1388.63,13
Mara Kelly,1509.97,2023,1388.38,10
Matheus Fonseca,1500,,1388.01,11
Graciele Fava,1500,,1387.28,14
Laura Peretti,1500,,1386.87,11
Wesley Possamai,1500,,1386.63,17
Enrique March,1500,,1386.5,19
Ricardo Rocha,1500,,1385.85,14
Marcos Costa,1500,,1385.83,12
Julian Stonjek,1500,,1384.35,13
Matheus Magalhaes,1500,,1384.03,10
Alexa Yanes,1500,,1383.6,17
Iranslav Neoral,1500,,1383.18,12
Nathan Mendelsohn,1500,,1382.79,30
Felipe Nacib,1500,,1381.81,10
Gabriel Martins,1500,,1381.78,10
Elizabeth Liera,1500,,1381.74,14
James Puopolo,1518.15,2012,1381.42,37
Raphael Cadena,1500,,1381.21,10
Rodrigo Freitas,1525.57,2014,1381.15,41
Kenji Sette,1500,,1381.09,10
Gustavo Borges,1500,,1380.33,15
Ana Brandao,1500,,1378.24,10
Lucas Serrado,1500,,1377.83,10
Josh Murdock,1500,,1377.36,11
Nathan Santos,1500,,1375.24,14
Jose Munoz,1500,,1374.94,14
Samat Aitpanbet,1500,,1371.93,19
Matheus Oliveira,1500,,1371.61,13
Marcus Ruiz,1500,,1370.82,11
Rodrigo Tatu,1500,,1370.55,35
Romes Ramos,1500,,1370.23,11
Henrique Rossi,1517.3,2020,1369.25,11
Roberto Torralbas,1500,,1368.41,18
Caio Almeida,1500,,1368.31,17
Rennick Kama,1500,,1367.89,11
Thomas Bracher,1500,,1367.48,23
Theodore Sanders,1500,,1367.16,11
Felipe Simplicio,1500,,1367.03,16
Harry Loseby,1500,,1366.95,17
Rafael Message,1500,,1366.25,17
Michael Mehl,1500,,1365.6,14
Flavia Soares,1500,,1364.3,15
Joao Somalia,1500,,1364.01,11
Vitor Toledo,1544.96,2012,1363.33,18
Joshua Guerra,1500,,1361.69,25
Giovanni Carvalho,1500,,1361.5,11
Diogo Almeida,1500,,1361.17,17
Rhuan Duarte,1500,,1361.11,12
Na,1500,,1360.23,24
Vinny Saenz,1500,,1358.93,15
Orlando Castillo,1500,,1358.06,27
Jae Mcintosh,1500,,1355.92,12
Jorge Nakamura,1500,,1355.74,16
Nicolas Penzer,1500,,1354.59,23
Ashur Darmo,1500,,1354.38,18
Gabriel Machado,1500,,1354.33,27
Colon Santana,1500,,1353.42,10
Gabriel Araujo,1500,,1353.33,10
Samuel Marquez,1500,,1352.15,22
Patricia Fontes,1500,,1348.67,13
Bradley Hill,1500,,1348.62,39
Suraj Budhram,1521.81,2019,1347.03,32
Rehan Muttalib,1500,,1346.72,31
Ilke Bulut,1500,,1345.96,10
Wellington Dias,1500,,1345.67,22
Diego Gamonal,1500,,1343.96,17
Yuri Santos,1500,,1341.95,12
Tyler Scalisi,1500,,1338.22,14
Italo Frota,1500,,1338.07,10
Thiago Andrade,1500,,1334.62,51
Robert Dunn,1500,,1333.01,17
Marko Oikarainen,1500,,1332.45,25
Charles Murdock,1500,,1331.32,26
Marlon Tanaka,1500,,1330.8,39
Vinicius Garcia,1500,,1329.1,12
Daniel Hampton,1500,,1314.11,18
Antonio Zuazo,1500,,1308.31,24
N/A,1500,,1229.36,72
Unknown,1500,,1146.4,155
